{
    "animal_id": 298505,
    "species": "Elk",
    "age": 8,
    "weight": 307,
    "location": {
        "latitude": 39.22248,
        "longitude": -111.38402
    },
    "timestamp": "2024-10-13T20:18:52Z",
    "image_resolution": "1920x1080",
    "biopsy_data": {
        "tissue_type": "Blood",
        "biopsy_date": "2024-10-05",
        "sample_condition": "Frozen",
        "analysis_results": {
            "cell_count": 542667,
            "genetic_variants": [
                "Variant A",
                "Variant D"
            ]
        },
        "lab_id": "LAB 123"
    }
}